Uuid,Void/Retire,Same as mappings,Fully specified name:en,Short name:en,Description:en,Fully specified name:fr,Short name:fr,Description:fr,Data class,Data type,Complex data handler,Answers,Members,Allow decimals,Units,Normal low,Normal high,Absolute low,Absolute high,_version:1,_order:1200
9bb0795c-4ff0-0305-1990-000000000001,,,Other generic,Other,,,,,Misc,N/A,,,,,,,,,,,
9bb0795c-4ff0-0305-1990-000000000002,,,Chief Complaint Coded,Chief Complaint,,,,,Misc,Coded,,"Abdominal pain;Abdominal or Pelvic Swelling, Mass or Lump;Loss of Appetite;Anxiety State;Chest pain;Cleft Palate;Constipation;Convulsions;Cough;Dental caries;Dysphagia;Localized Edema;Nasal haemorrhage;FTT (failure to thrive) in child;Malaise and Fatigue;Feeding Problem in Elderly;Feeding problems in newborn;Fever;Fracture of upper arm, open;Fracture of upper arm, closed;Bloating Symptom;Gingival and Periodontal Disease;Headache;Hearing Loss;Heartburn;Other Specified Hemiplegia and Hemiparesis Affecting Unspecified Side;Hemoptysis;Hiccoughs;Vagal Hoarseness;Fertility Problem;Injury;Irregular menstrual cycle;Joint swelling;Localized Superficial Swelling, Mass, or Lump;Breast lump;Swelling;Malaise and Fatigue;Memory Loss;Nausea and vomiting;Nausea Alone;Obstructed Labor, Antepartum;Chronic Pain due to Trauma;Knee pain;Backache symptom nos;Palpitations;Polyuria;Complex Partial Seizure Evolving to Generalised Seizure;Simple partial seizure evolving to secondary generalized seizure;simple febrile seizure;Shortness of breath;Stomatitis and Mucositis;Excessive Sweating;Throat pain;Ulcer of lower limb;Vomiting;Walking disability;Wheezing;Other generic;Ability to roll over;Able to breathe deeply and cough freely;Able to move all four limbs;Able to move two limbs;Account open;Active labour greater than 34 weeks gestation;Admission denied;Amniotic membranes intact;Amorphous phosphate crystals;Anal insertive intercourse;Anal receptive intercourse;Apnea or requires mechanical ventilation;B negative;B positive;Bacteria;Blood pressure 20-49 percent from preanesthetic level;Blood pressure 50 percent or more from preanesthetic level;Blood pressure within 20 percent of preanesthetic level;Blue nails;Bronchial breath sounds;Calcium oxalate crystals;Cannot afford treatment;Cardiac murmur (on exam);Cardiac thrill;Caregiver unemployed;Cavitary lesion;CD4 count less than 500 cells/mm3;Cement;Change in fat distribution;Chest expansion decreased;Chest expansion increased;Chronically ill;Clubbing;Complete blood count results not available;Cranial nerve abnormalities;Currently on INH prophylaxis;Cutaneous allodynia to light brushing;Cyst;Delayed milestones;Dental filling present;Deviated trachea;Diabetic on diet control only;Diabetic on insulin therapy;Diastolic cardiac thrill;Diastolic decresendo murmur;Diastolic murmur;Diffuse non-miliary changes;Diminished breath sounds;Diplococci;Discontinued treatment for medical reasons;Discontinued treatment without medical advice;Disease condition stable;Disease progressing on treatment;Displaced point of maximal impulse;Dosing change;Driver in vehicular or traffic accident;Drug injecting partner of intravenous drug user;Drug level too high to continue treatment;Dugas sign present;Dullness to percussion;Dyspnea or limited breathing;Early labour between 34 and 37 weeks gestation;Edema, legs;Egophony;Encounter for planned, elective, repeat cesarean with contractions greater than 34 weeks gestation;Epithelial cells present in urine;Evidence of cardiac enlargement;Excessive skin removed during circumcision procedure;Exposure to HIV;Extremity weakness;Eye discharge;Failed external cephalic version;Family education-related problem;Fear of childbirth;Feeling hopeless;Female to male transsexual;Fetal parts visible on perineum during labor;Fever greater than or equal to 102.2 F/39 C;Flight of ideas;Foot mass;Full HIV disclosure, stage 1;Full HIV disclosure, stage 2;Full HIV disclosure, stage 3;Full HIV disclosure, stage 4;Fundal abnormality;Gamma hydroxybutyrate (GHB) use;Genital sores;Gluteal wasting;Goal oriented;Good social support;Granular cells;Gustilo grade I;Gustilo grade II;Gustilo grade IIIA;Gustilo grade IIIB;Gustilo grade IIIC;Had less than one meal a day;Haemoglobin AA genotype;Haemoglobin SC genotype;Hallucinogen use;Has had direct physical contact with case;Has had exposure to case as a health care worker;Has had sexual contact with case;Has signs of abuse, exploitation or neglect;Has sufficient medication;Hearing difficulties;Hepatomegaly;Hepatosplenomegaly;Heterosexual;History of artificial insemination;History of assisted delivery by vacuum extraction;History of diabetic foot amputation;History of exposure to tuberculosis;History of fertility-enhancing medication use;History of foot amputation;History of foot ulcer;History of gamete intrafallopian transfer (GIFT);History of homelessness;History of in vitro fertilisation (IVF);History of long-term use of corticosteroids;History of long-term use of non-steroidal anti-inflammatory drugs (NSAIDs);History of Mpox;History of previous forceps delivery;History of regular and prolonged anal sex;History of therapy with nephrotoxic drug;History of tocolytic therapy;History of violent behavior;HIV and syphilis positive;HIV negative;HIV pre-disclosure;HIV staging - chronic cytopenia(s);HIV staging - minor mucocutaneous manifestations;HIV staging - persistent generalized lymphadenopathy;HIV staging - recurrent upper respiratory infection;HIV staging - serious bacterial infections;HIV viral load suppressed;Holosystolic murmur;Homans sign present;Homeless due to destruction of residence;Hopeful for the future;Hot sensation;Hyperacidity;Hypervigilant;Identifies as female gender;Identifies as male gender;Identifies as non-binary gender;Illicit substance use;Illogical thinking;Immunization history;Immunocompromised due to medication;Impaired wound healing;Impairment of immediate recall;In transit/On the move;Inappropriate sexual behaviour;Inappropriately dressed;Incorrect surgical count;Increased skin temperature of breast;Infiltrate;Informally employed;Initial hospitalization;Insecurity;Insufficient vaccine testing/study;Intermediate resistance to antimicrobial;Intubated prior to arrival in operating theater;Joint pain;Kissing;Labile affect;Labor pain;Lack of social support;Larger than normal;Late fetal heart rate deceleration;Leaking fluid or spotting with less than 34 weeks of pregnancy;Left pelvic lymphadenopathy;Left ventricular lift;Limp;Linear thought process;Liver heterogeneous without signs of cirrhosis by ultrasound;Liver palpable;Lives at relatives/friends' place;Lives with extended family;Lives with friends;Lives with parents;Lives with siblings;Logical thinking;Loss of relative/family member;Loss of skin turgor;Loud heart murmur;Loud speech;Low-level viremia;Malaria testing performed;Male to female transsexual;Mallampati class I;Mallampati class II;Mallampati class III;Mallampati class IV;Manipulative behavior;Mannerisms;Markedly ill;Married;Mass, other;Mechanical pain;Meconium colored feces;Meconium stained liquor, grade I;Meconium stained liquor, grade II;Meconium stained liquor, grade III;Media-induced fear of vaccination;Medication code only;Medication expired;Medication spillage;Middle adolescent period;Mildly ill;Minimal pericardial effusion;Minimally improved;Minor living with family/guardian;Minor not living with family/guardian;Missed appointment in the last 3 months;Moderate pericardial effusion;Moderate weight loss;Moderately dilated inferior vena cava;Moderately ill;Mother not delivered;Mother pregnant or currently breastfeeding;Mpox excluded using clinical diagnostic criteria;Much improved;Mucopurulent cervicitis;Multiple gestation and early contractions greater than 34 weeks gestation;Muscle weakness of left lower extremity;Muted speech;Mycobacterium tuberculosis complex detected using polymerase chain reaction;Mycobacterium tuberculosis complex not detected using polymerase chain reaction;Negative thoughts;Never been homeless;No blood flow;No complete response / no progressive disease;No evidence of malignancy;No growth;No involuntary movements;No jugular venous distension;No known exposure to tobacco smoke;No longer at risk;No pathologic diagnosis;No pericardial effusion;No sickle-cell test confirmation (solubility test only);Non-intravenous drug user;Non-tender uterus;Non-traumatic surgical emergency;Non-violent conflict-related medical condition;Normal affect;Normal breastfeeding;Normal capillary filling;Normal cytology findings;Normal lochia odor;Normal subcellular morphology;Normal tissue;Normal weight;Not all lesions evaluated;Not breastfeeding;Not evaluable (NE);Not immunized;Not married;Not pregnant;Not yet speaking;O negative;O positive;Occiput anterior position;Occiput posterior presentation;Occupational exposure to risk factor;Oedema of the hands and feet;On fluconazole maintenance therapy;Oral hairy leukoplakia;Oral-genital stimulation;Oriented to person;Oriented to place;Oriented to time;Otorrhea;Ova;Oxygen saturation on room air greater than 92 percent;Oxygen saturation on supplemental oxygen greater than or equal to 90 percent;Oxygen saturation on supplemental oxygen less than 90 percent;Pain crisis;Pain on deep palpation;Pain on superficial palpation;Pale conjunctiva;Para-aortic lymphadenopathy;Parotitis;Partial HIV disclosure;Partial therapeutic response;Partner infected;Patient condition resolved;Patient condition unresolved;Patient condition/problem improved;Patient condition/problem unchanged;Patient condition/problem worse;Patient does not wish to get pregnant;Patient has pre-existing immunity;Patient on waiting list;Patient refused to seek treatment due to fear of stigma;Patient with complications from contraceptive use;Patient with contraindications to contraceptive use;Peer pressure;Pelvic infection (PID) or ectopic pregnancy (within the last 3 months)  ;Perineal laceration, first degree;Perineal laceration, fourth degree;Perineal laceration, second degree;Perineal laceration, third degree;Peripheral cyanosis;Peripheral edema of left lower extremity;Peripheral edema of right lower extremity;Peripheral numbness;Permanently migrated;Persistent low-level viremia;Personal history of bleeding;Personal history of blood disorder;Personal history of malnutriton;Personal history of multi-drug resistant tuberculosis;Personal history of weight loss;Physiologic vaginal discharge;Pinprick hypoesthesia;Poorly motivated;Positive culture - any microorganism;Positive test for malaria;Positive thoughts;Postoperative cerebrospinal fluid leak;Post-operative complication due to device failure;Post-operative complication due to judgment error;Post-operative complication due to preventable technical error;Post-operative complication due to timing error;Post-operative complication due to underlying patient disease;Post-operative complication due to unpreventable technical error;Pox excluded by laboratory test;Pre-cancerous dysplasia;Pregnancy resulting from assisted reproductive technology;Presence of acoustic shadows;Pressured speech;Pressured thought;Previously known to be HIV-positive;Private/safe space unavailable;Prolonged hospitalization;Pruritus;Psychosocial challenge;Psychosocial strength;Ready for surgery;Received postgraduate training;Recent exposure to sick animal;Recently quit using tobacco;Recurrent sex under influence of alcohol;Regimen failure;Regiment badge sign present;Regressed milestones;Regular contractions and herpes simplex (HSV) lesion greater than 34 weeks gestation;Relational problem with family member;Relative/family member sick;Religious delusion;Repetitive game play;Resistant to antimicrobial;Restricted affect;Return after antiretroviral treatment interruption;Returned after loss to follow-up;Reversible airways obstruction;Rhonchi;Right hypochondrial pain;Right pelvic lymphadenopathy;Robbery;S1 increased;S2 fixed split;S2 paradoxical split;S3 gallop;Safe environment;Sample rejected;Scaly;Screening not done;Second stage of labor;Seductive behavior;Self-confidence;Sensitive to antimicrobial;Seroreversion;Sets goals;Severe acute respiratory syndrome coronavirus 2 (SARS-CoV-2) detected;Severe acute respiratory syndrome coronavirus 2 (SARS-CoV-2) not detected;Severe acute respiratory syndrome coronavirus 2 (SARS-CoV-2) RNA test result indeterminate;Severe acute respiratory syndrome coronavirus 2 (SARS-CoV-2) RNA test result positive at limit of detection;Severe acute respiratory syndrome coronavirus 2 (SARS-CoV-2) vaccination contraindicated;Severe acute respiratory syndrome coronavirus 2 (SARS-CoV-2) vaccination declined;Severe acute respiratory syndrome coronavirus 2 (SARS-CoV-2) vaccination not indicated;Severe acute respiratory syndrome coronavirus 2 (SARS-CoV-2) vaccine dose not administered;Severe acute respiratory syndrome coronavirus 2 (SARS-CoV-2) vaccine first dose declined;Severe acute respiratory syndrome coronavirus 2 (SARS-CoV-2) vaccine first dose not administered;Severe acute respiratory syndrome coronavirus 2 (SARS-CoV-2) vaccine not administered;Severe acute respiratory syndrome coronavirus 2 (SARS-CoV-2) vaccine not available;Severe acute respiratory syndrome coronavirus 2 (SARS-CoV-2) vaccine second dose declined;Severe acute respiratory syndrome coronavirus 2 (SARS-CoV-2) vaccine second dose not administered;Severe acute respiratory syndrome coronavirus 2 (SARS-CoV-2) vaccine series declined;Severe acute respiratory syndrome coronavirus 2 (SARS-CoV-2) vaccine series not administered;Severe acute respiratory syndrome coronavirus 2 (SARS-CoV-2) vaccine series not completed;Severe acute respiratory syndrome coronavirus 2 (SARS-CoV-2) vaccine series started;Severe nutritional stunting;Severe pain;Severe pelvic pain due symphysis pubis dysfunction;Severe pericardial effusion;Severely dilated inferior vena cava;Severely ill;Sex with person known to be infected by human immunodeficiency virus;Sexual partner of intravenous drug user;Sexually active with men;Sexually active with women;Sexually transmitted genital tract infections within the last 3 months or other chronic STI;Shares drug injecting equipment;Sharing a bed;Sharing of bathroom;Sharps injury;Significant change in social role/position;Six plus;Smaller than normal;Smear negative, pulmonary tuberculosis;Smear positive, pulmonary tuberculosis;Smooth multilocular tumor with largest diameter < 100 mm;Smooth multilocular tumor with largest diameter > 100 mm;SMS message sent but not received;Soft speech;Soft stool;Solid components with largest diameter < 7 mm;Speaks intelligibly;Spermatozoa present;Splenomegaly;Splinting;Spontaneous speech;Stable housing;Stadification VIH - persistent fever;Stertorous breathing;Subcostal recession;Sulcus sign present;Sunken fontanelle;Sunsetting eyes;Surgery contraindicated;Surgery postponed;Suspected depression;Suspected high grade squamous intraepithelial lesion (HGSIL) > 75 % of the cervical surface;Suspected high grade squamous intraepithelial lesion (HGSIL) with full extent of lesion seen;Suspected high grade squamous intraepithelial lesion (HGSIL) with lesion extending into the cervical canal;Suspected high grade squamous intraepithelial lesion (HGSIL) with squamocolumnar junction (SJC) not fully visualized;Suspected infectious meningitis;Suspected intolerance to drug;Suspected stenosis of heart valve;Sweating;Swelling of buttock;Symptomatic human immunodeficiency virus infection;Systolic ejection murmur;Tactile hypesthesia;Tangential thinking;Temporal wasting;Temporarily migrated;Temporary relocation;Tender bilateral inguinal and femoral lymphadenopathy;Tender unilateral pelvic lymphadenopathy;Tender uterus;Tense fontanelle;Thatch;Theft/Property damage of clinic/instituation;Third stage of labor;Thoracic mass;Throat injected;Tingling of skin;Tonsil enlarged;Trace hemolyzed blood found on urine dipstick;Trace non-hemolyzed blood found on urine dipstick;Trace pitting edema;Trained provider unavailable;Transgendered female;Transgendered male;Transport problems;Travel history;Treatment failure;Treatment interrupted/stopped;Treatment not indicated;Triple phosphate crystals;Trophozoite;Tuberculosis treatment failure, smear positive at 2 months;Turbid cerebrospinal fluid appearance;Tympanic membrane dull;Tympanic membrane injected;Tympanic membrane sclerosis;Tyrosine crystals found in urine;Unable to assess risk;Unable to contact;Unable to eat;Unable to get time off from work or school;Unable to move limbs voluntarily or on command;Unable to stand;Unable to walk without assistance;Uncontrolled hemorrhage;Uncooperative behavior;Under immunized;Unintended removal of implant;Unkempt appearance;Unknown if ever smoked;Unplanned return to operating room;Unreliable condom use;Unstable housing;Unwell appearing;Urine cholesterol crystals;Urine cysteine crystals;Urine drug screen positive in past 30 days;Urine mucus;Urine sulfonamide crystals;Uterine cervix fully visualized;Uterine cervix not visualized;Uterine contractions;Uterine contractions with less than 34 weeks of pregnancy;Vaccination hesitancy by parent;Vaccination hesitancy by patient;Vaccination not done;Vaccine-related death;Vaginal delivery;Vaginal intercourse;Vaginal papules;Very much improved;Very strong blood flow;Victim of harassment;Victim of neglect;Victim of physical violence;Victim of verbal abuse;Violent conflict-related medical condition;Viral load testing not performed;Vocal fremitus decreased;Voluntarily stopped taking medication;Watery diarrhea;Weapons offense;Weapons possession;Wearing appropriate clothing;Weight change;Willingness to be independent;Withdrawal method of contraception;Witness to violence;Xanthochromia cerebrospinal fluid appearance;Yeast cells;1+ pitting edema;2+ pitting edema;3 Hz spike wave EEG;3+ pitting edema;4+ pitting edema;A negative;A positive;Abdominal mass;Abdominal pain;Abdominal scar indicative of prior caesarean section;Abdominal swelling;Abdominal tenderness;Able to be aware of self;Able to crawl;Able to speak;Able to spontaneously say one or two words;Able to walk with assistance;Able to walk without assistance;Abnormal dreams;Abnormal gait;Abnormal tone;Abnormal neuronal migration;Abnormal speech;Abnormality of brain size because of abnormal proliferation or apoptosis;Absence seizure with automatisms;Absence seizure with autonomic components;Absence seizure with impairment of consciousness only;Absence seizure with mild clonic components;Absence seizure with tonic components;Absent tearing;Acceptance of illness;Accidental exposure to blood or body fluid;Aceto-white areas visualized on the cervix;Achieved appropriate developmental milestones;Active labor;Active not on ARVs;Active status;Acute focal neurologic deficit;Acute lymphoblastic leukemia involving testes;Adequate breast milk production;Administration of medication contraindicated;Adult;Affective seizure;Agenesis of anterior commissure of brain;Agenesis of hippocampal commissure;Airway compromised;Alcohol use during pregnancy;Allergen detail;Allergy list;Ambidextrous;American Society of Anesthesiologists physical status class 1;American Society of Anesthesiologists physical status class 2;American Society of Anesthesiologists physical status class 3;American Society of Anesthesiologists physical status class 4;American Society of Anesthesiologists physical status class 5;American Society of Anesthesiologists physical status class 6;Ammonium urate crystals in urine;Amorphous urate crystals in urine;Anguish;Ankylosis;Anomalies of hypothalamic-pituitary axis;Antepartum woman already received antenatal care for this pregnancy;Anti-D screening negative;Anti-D screening positive;Antiretroviral second line change history;Aortic bruit;Appearance due to pain;Arrested illegally by police;Asleep;Asymmetric reflexes;At increased risk for bleeding during surgery;At increased risk of exposure to Mpox virus;At least four papillary structures present;At risk for aspiration;At risk of venous thromboembolism;Atrophy;Atypical absence seizure with abrupt onset and end;Atypical absence seizure with change in muscular tone;Atypical behaviour due to pain;Awaiting discharge status;Awake;Axillary lymph node(s) exam findings;Ayahuasca use;Babbles reduplicated sounds;Back oedema;Band-form grey matter heterotopia;Basilar atelectasis of both lungs;Beaten earth;Bedridden;Benzodiazepine misuse;Bilateral focal paroxysm;Bilateral mesial temporal lobe sclerosis;Bilateral pelvic lymphadenopathy;Bisexual;Bleeding from unknown origin;Blood compatible;Blood group A;Blood group AB;Blood group B;Blood group O;Blood-stained cerebrospinal fluid appearance;Body position due to pain;Body removed by family;Borderline ill;Bottle feeding;Breach of sterile field during procedure;Breakthrough pain;Breast discharge;Breast imaging reporting data system (BIRADS) category 0;Breast imaging reporting data system (BIRADS) category 1;Breast imaging reporting data system (BIRADS) category 2;Breast imaging reporting data system (BIRADS) category 3;Breast imaging reporting data system (BIRADS) category 4;Breast imaging reporting data system (BIRADS) category 5;Breast imaging reporting data system (BIRADS) category 6;Breast lymph node exam findings;Breastfed predominately;Breathing poorly (<30 breaths / min);Breech delivery;Bronchospasm;Brow Presentation;Bubo;Burglary/Larceny;Burning on urination;Car occupant injured in transport accident;Caregiver refused treatment;CD4 count greater than 200;CD4 count less than 250 cells/mm3;CD4 count less than or equal to 200;Celibate;Central cyanosis;Cephalic sensory seizure;Cerebellar duplication;Cervical cancer screening not performed;Child born less than two years after previous birth;Child exposed to tuberculosis;Child in need of continuing care;Child in need of protection;Child with disability;Child with four or more older siblings;Child with special education needs;Child with special legal status;Child with teenage mother;Child with undernourished siblings;Chronic fever lasting less than one month;Circumferential thought process;Clear cerebrospinal fluid appearance;Close exposure to mpox virus;Close exposure to severe acute respiratory syndrome coronavirus 2 (SARS-CoV-2);Cloudy urine;Cluster A features without personality disorder;Cluster B features without personality disorder;Cluster C features without personality disorder;Cognitive impairment, executive function;Cold sensation;Cold sweat;Complaints due to pain;Complete placenta at delivery;Complete therapeutic response;Completed;Completed total PMTCT;Complex automatism;Concerned about safety in immunocompromised people;Confusion;Contact details incorrect;Contact details missing;Contact location details missing;Contact locations details incorrect;Contaminated needle stick;Continent of urine;Continent of urine with clean intermittent catheterization;Continent of urine with clean intermittent catheterization and medications;Contraception method undecided;Contraindication to intrauterine contraceptive device;Controlled hemorrhage;Cooperative;Cormack and Lehane grade 1;Cormack and Lehane grade 2;Cormack and Lehane grade 3;Cormack and Lehane grade 4;Cortical malformations, other non-coded;Cortical tuber;Cough lasting less than 2 weeks;Cough lasting more than 2 weeks;Coughing or choking with feeding in newborn;Creamy vaginal discharge;Current every day smoker;Current heavy tobacco smoker;Current light tobacco smoker;Current some day smoker;Currently homeless;Currently not sexually active;Danger sign: edema of hands or face;Danger signs, pregnancy;Declined to answer;Decreased peripheral pulses;Decreased sensation;Decreased sensation in foot/feet;Decreased sensation in hand(s);Defensive behavior;Deficit in non-verbal memory;Deficit in verbal memory;Delusion about being immune to disease;Delusion that antiretrovirals can cure/prevent COVID-19;Delusion that vaccine is combined with contraceptive;Delusion that vaccine replicates DNA;Delusion that vaccines will kill them;Denies homicidal ideation;Denies suicidal ideation;Depressed left ventricular ejection fraction;Dermatitis;Detained by authorities;Deterioration;Developed active disease while on prophylaxis;Developmental anomaly of midbrain;Developmental malformation of cerebral cortex;Diabetic on insulin and oral therapy;Diabetic on oral therapy only;Diarrhea, chronic;Did not attend first dose of severe acute respiratory syndrome coronavirus 2 (SARS-CoV-2) vaccination;Did not attend second dose of severe acute respiratory syndrome coronavirus 2 (SARS-CoV-2) vaccination;Did not take medication;Difficulty ventilating with mask;Direct cause of maternal death;Dislocation of large joint;Dislocation of small joint;Disorder of muscle tone of the newborn;Displaced due to violent conflict;Disturbance of cerebral function of newborn;Diversion of buprenorphine;Diversion of methadone;Do not attempt intubation;Domestic partner;Dorsal forebrain anomaly;Draining pus;Drug intake observed;Drug not available due to expired medication;Drug possession;Drunk and disorderly conduct;Duration of inpatient stay detail;Dynamic dystocia;Dysmnesic seizure;Dyspepsia;Dysphasic seizure;Early adolescent period;Early-onset neonatal sepsis;Elated;Elevated mood;Eligible for pre-exposure prophylaxis (PrEP);Emesis after feeding;Employed;Encephalocraniocutaneous lipomatosis;Epigastric sensory seizure;Epilepsy without specific diagnosis;Epileptic encephalopathy with continuous spike-and-wave;Epileptogenic lesion;Euthymia;Euvolemia;Evidence of pneumonia on imaging study;Evidence of pulmonary edema on imaging study;Examination for unspecified reason;Existing family planning acceptor;Exposed to tobacco smoke at home;Exposed to tobacco smoke at work;Exposure to case within closed environment for extended period;Exposure to COVID-19;Exposure to suspected case of Mpox;Extremely ill;Extremities cold;Eye symptom/complaint;Face Presentation;Facial expression due to pain;Failed instrumental delivery;Failed trial of labor with subsequent delivery by caesarean section;Failure to achieve operative objectives;Family history of cardiac disorder;Family history of eclampsia;Family history of human immunodeficiency virus (HIV) disease;Family history of pre-eclampsia;Family history of severe medical condition;Family history: child alive;Fast speech;Feeling constantly worried;Feeling Feverish;Feeling high;Feeling of electric shocks in body;Feeling of regret;Female genital pain;Fetal monitoring sign;Fetal movements present;Fever lasting less than two weeks;Fever lasting more than one week;Fever lasting more than two weeks;Filter drinking water;Finding of gram-positive cocci in chains;Finding of gram-positive cocci in clusters;Finding of gram-positive cocci in pairs;First stage of labor;Fistula;Flat affect;Flat fontanelle;Fluid loss;Foaming at the mouth;Focal cortical dysplasia, Type III;Focal weakness;Follow-up not required;Follow-up required;Fontanelle closed;Foot problem;Fourth stage of labor;Fowler's position;Fraud/Forgery;Friable cervix;Frontal paroxysm;Full code status;Gangliocytoma;Ganglioglioma;gap, episiotomy wound;Gasping;Generalized paroxysm;Greater or equal to 20 weeks gestation;Grey matter heterotopia;Hematuria;Hatred;healed, episiotomy wound;Hemoglobin pattern FA;Hemoglobin pattern FAC;Hemoglobin pattern FAE;Hemoglobin pattern FAS;Hemoglobin pattern FC;Hemoglobin pattern FS;Hemoglobin pattern FSC;Hepatic bruit;Herniation of rectum into vagina;Heterosexual intercourse with beneficiary of blood transfusion;Heterosexual intercourse with bisexual man;Heterosexual intercourse with HIV positive person;Heterosexual intercourse with person who injects drugs;High Blood Cholesterol;High caffeine intake;High priority for severe acute respiratory syndrome coronavirus 2 (SARS-CoV-2) vaccination;High risk pregnancy due to history of premature ruptured membranes;High-grade glioma;High-risk pregnancy due to previous caesarian section;Hippocampal abnormality;Hippocampal sclerosis, bilateral;Hippocampal sclerosis, left;Hippocampal sclerosis, right;Hippocampus abnormality not meeting criteria for hippocampal sclerosis;History of antenatal syphilis treatment;History of exposure to gender-based violence;History of jaundice;History of maternal disorder;History of neurological disorder;History of pneumonia;History of radiation therapy;History of retained placenta;HIV infection with high viral load;HIV Test accepted;Horizontal gaze deficit with progressive scoliosis;Hostile behavior;Hydronephrosis grade 0;Hydronephrosis grade 1 (minimal);Hydronephrosis grade 2 (mild);Hydronephrosis grade 3 (moderate);Hydronephrosis grade 4 (severe);Hypothalamic dysgenesis;Imminent vaginal delivery;Impaired psychomotor development;In prison;Incident pain;Incompatible blood;Incomplete placenta at delivery;Incorrectly/unhygienically prepared milk;Increased fetal movements;Increased skin temperature;Indirect cause of maternal death;Ineligible for screening;Inevitable abortion;Infant drinks only milk;Infant latches to breastfeed;Infant satisfied after feeding;Infant wakes to feed;Inflammatory pain;Initial visit;Injury to cerebral hemisphere, bilateral;Injury to cerebral hemisphere, unilateral;Insular cortex injury;Intact fetal membranes;Intact spinal sensation;Intense fatigue and general weakness;Intense fatigue with general weakness;Interaction with anti-tubercular drugs;Intravenous drug use;Intraventricular hemorrhage in newborn, non-traumatic;Intraventricular nodule;Irreversible airways obstruction;Jerky movements of the arm and leg;Joint swelling;Junior high school education;Language difficulties involving dominant hemisphere;Language difficulties involving non-dominant hemisphere;Late adolescent/young adulthood period;Latent labor;Learning problems;Left focal paroxysm;Left-handed;Leg redness;Leptomeningeal glioneuronal heterotopia;Living with family;Locally recurrent tumor;Location of diagnosis;lochia alba;lochia excessive;Lochia foul smelling;Lochia rubra;Lochia serosa;Longitudinal lie;Loss of Hair;Loss of interest;Lost interest in things during last 2 weeks;Low birth weight infant, 1750-1999 gm;Low birth weight infant, 2000-2499 gm;Low CD4 cell count;Low lying placenta;Low-grade glioma;Lymph node exam, detailed;Lymph node(s) discrete;Lymph node(s) firm;Lymph node(s) fixed to chest wall;Lymph node(s) fixed to skin;Lymph node(s) fluctuant;Lymph node(s) hard;Lymph node(s) matted;Lymph node(s) mobile;Lymph node(s) rubbery;Lymph node(s) soft;Lymph node(s) tethered;Macroalbuminuria;Magnetic resonance imaging of brain normal;Major organ trauma not requiring surgical procedure;Male who has sex with men;Malformation syndrome due to inborn error in metabolism;Marijuana use;Maternal to fetal transmission of human immunodeficiency virus;Measles vaccine given at 6 months;Measles vaccine given at 9 months;Mechanical dystocia;Medication history;Medication prophylaxis in pregnancy;Medication refill detail;Menopausal;Menstruating;Mesial temporal lobe sclerosis;Metastatically recurrent tumor;Method of enrollment detail;Midbrain dysgenesis;Mild;Miliary changes;Moderate;Moderate non-hemolyzed blood found on urine dipstick;Moderate pain;Mother experienced complications at birth, complications managed;Mother experienced complications at birth, referred;Movement against resistance;Movement against resistance incomplete;Movement with gravity;Movement with gravity eliminated;Multiple birth;Multiple bony abnormalities;Muscle tenderness;Myalgia;Nausea;Neck lymph node exam findings;Neonatal umbilical stump clean;Neonatal umbilical stump dry;Neonatal umbilical stump healed;Neonatal umbilical stump moist;Neonatal umbilical stump not healed;New family planning acceptor;No active muscle contraction;No ascites demonstrated;No defect in enzyme activity (normal);No hepatomegaly on examination;No Mitral Stenosis;No progress;No significant past medical history;No splenomegaly on examination;Non-compliance with treatment or therapy;Non-neoplastic abnormal cortical cell proliferation;Normal coordination;Normal cranial nerve exam;Normal delivery imminent;Normal EEG;Normal gait;Normal labor;Normal mental state;Normal psychomotor development;Normal sensation;Normal sinus rhythm;Normal speech;Normal strength;Normal vision;Not up to date with immunizations;Numbness and tingling of skin;Nutritional stunting;Occipital paroxysm;On exam, uterine fundus 12-16 week size;On exam, uterine fundus 16-20 week size;On exam, uterine fundus 20-24 week size;On exam, uterine fundus 24-28 week size;On exam, uterine fundus 28-32 week size;On exam, uterine fundus 32-34 week size;On exam, uterine fundus 34-36 week size;On exam, uterine fundus 36-38 week size;On exam, uterine fundus 38 weeks-term size;Operation abandoned;Oral sores;Organ-space surgical site infection;Pain behind the eyes;Parietal paroxysm;Parotid enlargement;Partial defect in enzyme activity;Past medical history unknown;Patient condition fair/satisfactory;Patient condition poor;Patient did not attend ARV adherence counseling;Patient encounter complete status;Patient falls during seizure;Patient forgot to attend appointment;Patient has wheezing or dyspnea during the day;Patient not using family planning;Patient on second-line antiretroviral treatment for HIV;Patient status requires constant monitoring and intensive care;Patient temporary status;Patient thinks she can't get pregnant;Patient underage;Perimenopausal status;Persistent defaulter;Persistent parotid swelling;Personal history of human immunodeficiency virus (HIV) disease;Personal history of severe medical condition;Personal history of surgery;Personal history of surgery on urogenital tract;Personal history of trauma;Personal-social;Pink/brown-green tinge lochia;Pituitary duplication;Polymenorrhea;Polyspike and slow wave discharges on EEG;Polyspike discharges on EEG;Poor appetite;Poor coordination;Positron emission tomography scan of brain abnormal;Positron emission tomography scan of brain normal;Postinflammatory hyperpigmentation;Postoperative changes in MRI;Postpartum family planning acceptor;Postpartum woman already received postnatal care for this delivery;Pre-existing diabetes mellitus complicating current pregnancy;Pre-registration status;Previously married but now not with living spouse;Previously vaccinated;Primary Care Clinic;imprisonment and other incarceration;Problem with non-verbal memory;Problem with verbal memory;Problems with attention;Procedure outcome satisfactory to patient;Procedure outcome satisfactory to physician;Procedure outcome unsatisfactory to patient;Procedure outcome unsatisfactory to physician;Productive cough;Prolonged capillary refill time;Public water faucet (water source);Purified protein derivative negative;Quite a bit;radio, as a household item;Rebound tenderness, abdomen;recumbent;Red-green tinge lochia;Refusal to feed;Refuses to eat;repaired, episiotomy wound;Respondent was met and was available for interview;Responds to pain;Responds to voice;Right focal paroxysm;Right-handed;Sad or depressed during past 2 weeks;Satisfactory;Save the Children Ebola stage 1;Save the Children Ebola stage 2;Save the Children Ebola stage 3;Self employed;Senior high school education;Severe;Shaking on one side of the body;Sharp sensation;Sharp wave EEG;Shortness of breath at rest;Signs of physical abuse;signs of sexual abuse;Simple automatism;Simple partial seizure with focal motor signs without march;Simulation of physical illness;sitting;Soft abdomen;Solid food;SPECT scan of brain abnormal;SPECT scan of brain normal;Spermicidal contraception;standing;Staring or unresponsive to stimuli;Status at start of antiretroviral therapy;Strained drinking water through cloth;Subcortical grey matter heterotopia;Subependymal grey matter heterotopia;Sudden-onset of fever;Supraclavicular lymph node(s) exam findings;Surgical wound healed;Symmetric reflexes;Symptom absent;Systolic Murmur;Temporal paroxysm;Tin;Tongue biting;Total defect in enzyme activity;Treat drinking water by boiling;Treat drinking water by settling;Treat drinking water with chemicals;Treat drinking water with solar disinfection;Tuberculosis diagnosis classification detail;Tumor stage, T1a;Tumor stage, T1b;Tumor stage, T1c;Tumor stage, T2a;Tumor stage, T2b;Tumor stage, T2c;Tumor stage, T3a;Tumor stage, T3b;Tumor staging N1mi;Unexplained bleeding;Unimpaired consciousness;unspecified activity;Urine appears clear;Urine appears turbid;uterus, subinvoluted;Vaccinated during pregnancy;Visible muscle contraction only;Visuospatial Deficit;Visuospatial difficulties;Vomiting everything;Water faucet in house;Weakness;Weaned;Weight gain;White matter abnormality seen on magnetic resonance imaging of brain;White/yellow-green tinge lochia;Wound intact and healing",,,,,,,,,
9bb0795c-4ff0-0305-1990-000000000003,,,Chief Complaint Duration,Units,The units which correspond to the numeric value entered for a duration,,,,Misc,Coded,,Hours;Days;Weeks;Months;Years,,,,,,,,,
9bb0795c-4ff0-0305-1990-000000000004,,,Chief Complaint Data,Chief Complaint,,,,,Concept Details,N/A,,,Chief Complaint Coded;Chief complaint (text);Sign/symptom duration;Chief Complaint Duration;,,,,,,,,
9bb0795c-4ff0-0305-1990-000000000005,,,Image,,,,,,Image,Complex,ImageUrlHandler,,,,,,,,,,
9bb0795c-4ff0-0305-1990-000000000006,,,Consultation Images,,,,,,Misc,N/A,,,Image,,,,,,,,
9bb0795c-4ff0-0305-1990-000000000007,,,Patient Video,,,,,,Video,Complex,VideoUrlHandler,,,,,,,,,,
9bb0795c-4ff0-0305-1990-000000000008,,,Range of Motion,,,,,,Misc,Text,,,,,,,,,,,
9bb0795c-4ff0-0305-1990-000000000009,,,Radiographic Examination,,,,,,Misc,Text,,,,,,,,,,,
9bb0795c-4ff0-0305-1990-000000000010,,,"Diabetes, Diabetes Type",Diabetes type,,,,,Diagnosis,Coded,,"Diabetes mellitus, type 1;Diabetes mellitus, type 2",,,,,,,,,
9bb0795c-4ff0-0305-1990-000000000011,,,"Diabetes, Last known A1C Result",Last known A1C Result,,,,,Misc,Text,,,,,,,,,,,
9bb0795c-4ff0-0305-1990-000000000012,,,"Diabetes, Last HbA1c Date",Last HbA1c Date,,,,,Misc,Date,,,,,,,,,,,
9bb0795c-4ff0-0305-1990-000000000013,,,Duration of smoking (years),Duration of smoking (in years),"For how long some one is smoking/smoked cigarettes or other forms of tobacco, measured in years.",,,,Finding,Numeric,,,,TRUE,,,,0,120,,
9bb0795c-4ff0-0305-1990-000000000014,,,Liters of alcohol consumed (per day),Liters of alcohol consumed per day,Amount of alcohol consumed per day measured in liter.,,,,Finding,Numeric,,,,TRUE,,,,0,,,
9bb0795c-4ff0-0305-1990-000000000015,,,ACD - Active Case Detection,,,,,,Misc,N/A,,,,,,,,,,,
9bb0795c-4ff0-0305-1990-000000000016,,,PCD - Passive Case Detection,,,,,,Misc,N/A,,,,,,,,,,,
9bb0795c-4ff0-0305-1990-000000000017,,,"Malaria, Source",Source,,,,,Misc,Coded,,ACD - Active Case Detection;PCD - Passive Case Detection;,,,,,,,,,
9bb0795c-4ff0-0305-1990-000000000018,,,Foot examination,Foot examination,,,,,Misc,Text,,,,,,,,,,,
9bb0795c-4ff0-0305-1990-000000000019,,,Last eye exam date,Last eye exam date,,,,,Misc,Date,,,,,,,,,,,
9bb0795c-4ff0-0305-1990-000000000020,,,Temperature,Temperature,Patient's temperature in Fahrenheit,,,,Misc,Numeric,,,,Yes,F,95,99.6,,,,
9bb0795c-4ff0-0305-1990-000000000021,,,Registration Fee,Registration Fee,,,,,Misc,Numeric,,,,TRUE,,,,,,,
9bb0795c-4ff0-0305-1990-000000000022,,,Doctor Name,Doctor Name,,,,,Misc,Text,,,,,,,,,,,
9bb0795c-4ff0-0305-1990-000000000023,,,Consultation Fee,Consultation Fee,,,,,Misc,Numeric,,,,TRUE,INR,,,,,,
9bb0795c-4ff0-0305-1990-000000000024,,,"Hypertension, Hypertensive Emergency 12 Months",Hypertensive Emergency or Cardiac Hospitalization in 12 Months,,,,,Misc,Boolean,,,,,,,,,,,
9bb0795c-4ff0-0305-1990-000000000025,,,"Hypertension, Hypertensive Emergency Cause",Hypertensive Emergency or Cardiac Hospitalization For,,,,,Misc,Coded,,Hypertension;Congestive Heart Failure;Myocardial infarction;Chest Pain,,,,,,,,,
9bb0795c-4ff0-0305-1990-000000000026,,,Last serum creatinine date,,,,,,Misc,Date,,,,,,,,,,,
9bb0795c-4ff0-0305-1990-000000000027,,,Last LDL date,,,,,,Misc,Date,,,,,,,,,,,
9bb0795c-4ff0-0305-1990-000000000028,,,BMI Status,BMI Status,,,,,Finding,Coded,,Cachexia;Malnutrition of moderate degree (Gomez: 60% to Less than 75% of Standard Weight);Malnutrition of mild degree (Gomez: 75% to Less than 90% of Standard Weight);Normal;Overweight (BMI 25.0-29.9);Obesity;Morbid Obesity,,,,,,,,,
9bb0795c-4ff0-0305-1990-000000000029,,,Consultation Videos,,,,,,Misc,N/A,,,Patient Video,,,,,,,,
9bb0795c-4ff0-0305-1990-000000000030,,,Cephalic,Cephalic,,,,,Misc,N/A,,,,,,,,,,,
9bb0795c-4ff0-0305-1990-000000000031,,,Breech,Breech,,,,,Misc,N/A,,,,,,,,,,,
9bb0795c-4ff0-0305-1990-000000000032,,,Transverse,Transverse,,,,,Misc,N/A,,,,,,,,,,,
9bb0795c-4ff0-0305-1990-000000000033,,,P/A Presenting Part,P/A Presenting Part,,,,,Misc,Coded,,Cephalic;Breech;Transverse,,,,,,,,,
9bb0795c-4ff0-0305-1990-000000000038,,,Treatment plan,,,,,,Misc,Text,,,,,,,,,,,
9bb0795c-4ff0-0305-1990-000000000039,,,Rest duration,,,,,,Misc,Text,,,,,,,,,,,
9bb0795c-4ff0-0305-1990-000000000040,,,Comments,Comments,,,,,Misc,Text,,,,,,,,,,,
9bb0795c-4ff0-0305-1990-000000000041,,,Referring to Hospital,Referring to Hospital,,,,,Misc,Text,,,,,,,,,,,
9bb0795c-4ff0-0305-1990-000000000042,,,Referred to,Referred to,,,,,Misc,Text,,,,,,,,,,,
9bb0795c-4ff0-0305-1990-000000000043,,,Relevant clinical history,Relevant clinical history,,,,,Misc,Text,,,,,,,,,,,
9bb0795c-4ff0-0305-1990-000000000044,,,Treatment provided,Treatment provided,,,,,Misc,Text,,,,,,,,,,,
9bb0795c-4ff0-0305-1990-000000000045,,,Referred to Doctor,Referred to Doctor,,,,,Misc,Text,,,,,,,,,,,
631f9e92-b15f-41da-a6ba-4f4cd67f36b7,,,Blood Pressure,Blood Pressure,,,,,Misc,N/A,,,Systolic blood pressure;Diastolic blood pressure;Body position;,,,,,,,,
da47a35d-5806-48b7-b467-e29902759491,,,Chief Complaint Record,Chief Complaint Record,,,,,Concept Details,N/A,,,Chief Complaint Coded;Chief complaint (text);Sign/symptom duration;Chief Complaint Duration;,,,,,,,,
2a95cb0d-ad2c-42a9-baa8-b63e12ec0d4d,,,Image Note,Image Note,,,,,Image,Complex,ImageUrlHandler,,,,,,,,,,
8bf5d344-6260-4120-87ab-b000cda36fb6,,,Hand Note,Hand Note,,,,,Misc,N/A,,,Image Note,,,,,,,,
b3875aa7-c63f-4649-804e-9f984e0236d5,,,USG Pelvis,USG Pelvis (TVS),,,,,Radiology,N/A,,,,,,,,,,,
30b3d2aa-a543-47a6-a0b7-708b40660bd0,,,USG Obstetric,,,,,,Radiology,N/A,,,,,,,,,,,
a0ae07e9-b43e-481f-80ae-361675df7e8d,,,USG Abdomen,,,,,,Radiology,N/A,,,,,,,,,,,
67f50326-33eb-4a02-8d9a-dec9bfdefe20,,,USG - Follicular Study,USG Follicular Study,,,,,Radiology,Text,,,,,,,,,,,
88e9c2eb-7942-4202-8ed5-2cfcaf1fb072,,,Orders,,,,,,Misc,Coded,,USG Pelvis;USG Obstetric;USG Abdomen;USG - Follicular Study;,,,,,,,,,
9833d9cc-2ae9-4ad5-a130-9234a20350ca,,,C/o (Remarks),,,,,,Misc,Text,,,,,,,,,,,
1599AAAAAAAAAAAAAAAAAAAAAAAAAAAAAAAA,,,Probable cause of death,,Patient's probable cause of death from interview with family member or other non-medical personnel as part of death registry questionnaire.,,,,Question,Coded,,Intrapartum maternal death;Antepartum Maternal Death;Postpartum Maternal Death;Postoperative Death;Natural Death Reportable to Medicolegal Authority;Natural Death;Other generic;,,,,,,,,,
1728AAAAAAAAAAAAAAAAAAAAAAAAAAAAAAAA,,,Sign/symptom name,sign/symptom,The name of the sign or symptom.,,,,Misc,Coded,,Polyuria;Blurred Vision;Psychogenic Polydipsia;Nocturia - Finding;Abnormal Weight Loss;,,,,,,,,,
162747AAAAAAAAAAAAAAAAAAAAAAAAAAAAAA,,,Co-morbid conditions,Comorbidities,,,,,Finding,Coded,,Hypertension;Hyperlipidemia;Coronary heart disease;Obesity;Heart failure;Chronic Kidney Disease;,,,,,,,,,
88a71584-f7dd-4a53-bbe2-c75e9a5d6b4e,,,Smoking,,,,,,Finding,Coded,,Never smoker;Smoker;Former smoker,,,,,,,,,
a442d669-e493-42c4-9052-b0777e9a0eb9,,,Past drinker,,,,,,Diagnosis,N/A,,,,,,,,,,,
ba712f6b-a615-4fdc-bb6f-efede6554954,,,Alcohol consumption,,,,,,Finding,Coded,,Never;Yes;Past drinker,,,,,,,,,
2a578fe0-f701-415f-9136-0fda0172879a,,,Duration of Activity (mins),,,,,,Finding,Numeric,,,,No,,,,,,,
0c05cda2-4d0a-40b9-b328-9a62a239375a,,,Steps count,,,,,,Finding,Numeric,,,,No,,,,,,,
7a3fd5c2-8b74-4b72-ae02-16efebf8288c,,,Calories burned,,,,,,Finding,Numeric,,,,No,,,,,,,
c76ccf7e-9472-4cc9-8c5c-2db8e8f5612d,,,Sleep Duration (Hours),,,,,,Finding,Numeric,,,,No,,,,,,,
090a1ee7-0c4a-4333-947a-be74b804e67f,,,Heavy,,,,,,Finding,N/A,,,,,,,,,,,
2062955a-eb02-4c9e-ae95-c675705835bd,,,Occupational Activity,,,,,,Misc,Coded,,Heavy;Moderate;Mild;None,,,,,,,,,
0c7cdd23-1f16-47e1-86d8-80a27a63f7b1,,,History of Heart Diseases,,,,,,Diagnosis,Coded,,No;Yes;Unknown,,,,,,,,,
93c0e4f4-0768-4882-b642-01ddf8b8dd8d,,,Family history of Cancer,,,,,,Diagnosis,Coded,,No;Yes;Unknown,,,,,,,,,
7fc63be9-463b-4c70-aab1-a03756380dc9,,,Open Consultation,,,,,,Misc,N/A,,,,,,,,,,,
4fae1a56-5918-43d7-a58d-a25046002ae6,,,Complete Consultation,,,,,,Misc,N/A,,,,,,,,,,,
1e683dc1-57e7-4b36-8d9a-1ecb168d7070,,,Consultation Status,,,,,,Misc,Coded,,Open Consultation;Complete Consultation,,,,,,,,,
